{"cameraMode":{"drawMode":0,"name":"Shaded","section":"Shading Mode"},"sceneLighting":false,"audioPlay":false,"sceneViewState":{"m_AlwaysRefresh":false,"showFog":false,"showSkybox":false,"showFlares":false,"showImageEffects":false,"showParticleSystems":false,"showVisualEffectGraphs":true,"m_FxEnabled":true},"in2DMode":false,"pivot":{"x":0.00342559814453125,"y":83.77223205566406,"z":0.10890674591064453},"rotation":{"x":-0.00045339230564422905,"y":-0.9947800636291504,"z":0.0044771162793040279,"w":-0.10183808207511902},"size":129.37205505371095,"orthographic":false}