{"cameraMode":{"drawMode":0,"name":"Shaded","section":"Shading Mode"},"sceneLighting":false,"audioPlay":false,"sceneViewState":{"m_AlwaysRefresh":false,"showFog":false,"showSkybox":false,"showFlares":false,"showImageEffects":false,"showParticleSystems":false,"showVisualEffectGraphs":true,"m_FxEnabled":true},"in2DMode":false,"pivot":{"x":0.031765103340148929,"y":0.8275902271270752,"z":0.13730835914611817},"rotation":{"x":-0.017479149624705316,"y":0.9810129404067993,"z":-0.10849629342556,"w":-0.1605897843837738},"size":1.2913707494735718,"orthographic":false}