{"cameraMode":{"drawMode":0,"name":"Shaded","section":"Shading Mode"},"sceneLighting":true,"audioPlay":false,"sceneViewState":{"m_AlwaysRefresh":false,"showFog":true,"showSkybox":true,"showFlares":true,"showImageEffects":true,"showParticleSystems":true,"showVisualEffectGraphs":true,"m_FxEnabled":true},"in2DMode":false,"pivot":{"x":-1033.3438720703125,"y":231.68197631835938,"z":-3428.8095703125},"rotation":{"x":-0.002303467830643058,"y":-0.9971916675567627,"z":-0.027804149314761163,"w":0.07154509425163269},"size":11.691304206848145,"orthographic":false}