{"cameraMode":{"drawMode":0,"name":"Shaded","section":"Shading Mode"},"sceneLighting":false,"audioPlay":false,"sceneViewState":{"m_AlwaysRefresh":false,"showFog":false,"showSkybox":false,"showFlares":false,"showImageEffects":false,"showParticleSystems":false,"showVisualEffectGraphs":true,"m_FxEnabled":true},"in2DMode":false,"pivot":{"x":0.00003415346145629883,"y":0.8377223014831543,"z":0.0010891556739807129},"rotation":{"x":-0.00679502310231328,"y":0.9807016849517822,"z":-0.19217030704021455,"w":-0.03472350165247917},"size":1.2937209606170655,"orthographic":false}